"DISTRICTID","DISTRICT_NAME","GRADE_RANGE","GEOID","DSB","NEEDS_INDEX","BOCES_CD","YEAR"
"010100","ALBANY CITY SD","K-12, UE, US","3602460","010100",3,"0190",2016
"010201","BERNE-KNOX-WESTERLO CSD","PK-12, US","3604650","010201",5,"0190",2016
"010306","BETHLEHEM CSD","K-12, UE, US","3604710","010306",6,"0190",2016
"010402","RAVENA-COEYMANS-SELKIRK CSD","PK-12, US","3624150","010402",5,"0190",2016
"010500","COHOES CITY SD","K-12, UE, US","3607980","010500",3,"0190",2016
"010601","SOUTH COLONIE CSD","PK-12, UE, US","3627210","010601",5,"0190",2016
"010615","MENANDS UFSD","K-8","3618990","010615",5,"0190",2016
"010623","NORTH COLONIE CSD","K-12, UE, US","","",6,"0190",2016
"010701","GREEN ISLAND UFSD","K-12","3612660","010701",3,"0190",2016
"010802","GUILDERLAND CSD","K-12, UE, US","3613080","010802",6,"0190",2016
"011003","VOORHEESVILLE CSD","K-12","3629670","011003",6,"0190",2016
"011200","WATERVLIET CITY SD","K-12, UE, US","3630210","011200",3,"0190",2016
"020101","ALFRED-ALMOND CSD","K-12, UE, US","3602700","020101",5,"5590",2016
"020601","ANDOVER CSD","PK-12, UE","3603030","020601",4,"0490",2016
"020702","GENESEE VALLEY CSD","PK-12, UE, US","3600017","020702",4,"0490",2016
"020801","BELFAST CSD","PK-12, US","3604350","020801",4,"0490",2016
"021102","CANASERAGA CSD","K-12, UE","3606360","021102",4,"5590",2016
"021601","FRIENDSHIP CSD","PK-12, US","3611640","021601",4,"0490",2016
"022001","FILLMORE CSD","PK-12, UE, US","3611070","022001",4,"0490",2016
"022101","WHITESVILLE CSD","PK-12, UE, US","3631350","022101",4,"0490",2016
"022302","CUBA-RUSHFORD CSD","PK-12","3632010","022302",4,"0490",2016
"022401","SCIO CSD","PK-12, UE","3626190","022401",4,"0490",2016
"022601","WELLSVILLE CSD","K-12, UE, US","3630480","022601",4,"0490",2016
"022902","BOLIVAR-RICHBURG CSD","PK-12, US","3600012","022902",4,"0490",2016
"030101","CHENANGO FORKS CSD","PK-12","3607260","030101",5,"0390",2016
"030200","BINGHAMTON CITY SD","PK-12, UE, US","3604870","030200",3,"0390",2016
"030501","HARPURSVILLE CSD","K-12","3613710","030501",4,"0390",2016
"030601","SUSQUEHANNA VALLEY CSD","K-12, UE, US","3628380","030601",5,"0390",2016
"030701","CHENANGO VALLEY CSD","PK-12","3607290","030701",4,"0390",2016
"031101","MAINE-ENDWELL CSD","PK-12, UE, US","3618150","031101",5,"0390",2016
"031301","DEPOSIT CSD","PK-12, UE","3609060","031301",4,"0390",2016
"031401","WHITNEY POINT CSD","K-12, UE, US","3631380","031401",4,"0390",2016
"031501","UNION-ENDICOTT CSD","PK-12, US","3610710","031501",5,"0390",2016
"031502","JOHNSON CITY CSD","PK-12, UE, US","3615900","031502",3,"0390",2016
"031601","VESTAL CSD","PK-12, UE, US","3629610","031601",5,"0390",2016
"031701","WINDSOR CSD","PK-12, UE, US","3602730","031701",5,"0390",2016
"040204","WEST VALLEY CSD","K-12","3630900","040204",5,"0490",2016
"040302","ALLEGANY - LIMESTONE CSD","PK-12, UE, US","3600015","040302",5,"0490",2016
"040901","ELLICOTTVILLE CSD","PK-12, US","3610530","040901",5,"0490",2016
"041101","FRANKLINVILLE CSD","K-12","3611490","041101",4,"0490",2016
"041401","HINSDALE CSD","K-12, UE","3614490","041401",4,"0490",2016
"042302","CATTARAUGUS-LITTLE VALLEY CSD","K-12, UE, US","","",5,"0490",2016
"042400","OLEAN CITY SD","K-12, UE, US","3621720","042400",3,"0490",2016
"042801","GOWANDA CSD","K-12, US","3612390","042801",4,"1492",2016
"042901","PORTVILLE CSD","PK-12, US","3623640","042901",5,"0490",2016
"043001","RANDOLPH CSD","PK-12, UE, US","3624090","043001",4,"0490",2016
"043011","RANDOLPH CHILDRENS HOME COMMON SCH","K-12, UE, US","","043011",5,"0490",2016
"043200","SALAMANCA CITY SD","PK-12, UE, US","3625440","043200",4,"0490",2016
"043501","YORKSHIRE-PIONEER CSD","K-12, UE, US","3608970","043501",4,"0490",2016
"050100","AUBURN CITY SD","PK-12, UE","3603480","050100",3,"0590",2016
"050301","WEEDSPORT CSD","K-12, US","3630420","050301",5,"0590",2016
"050401","CATO-MERIDIAN CSD","PK-12, UE","3606690","050401",5,"0590",2016
"050701","SOUTHERN CAYUGA CSD","K-12, UE","3627570","050701",5,"0590",2016
"051101","PORT BYRON CSD","K-12","3623430","051101",5,"0590",2016
"051301","MORAVIA CSD","PK-12","3619800","051301",5,"0590",2016
"051901","UNION SPRINGS CSD","K-12","3629250","051901",5,"0590",2016
"060201","SOUTHWESTERN CSD AT JAMESTOWN","PK-12, US","3627660","060201",5,"1492",2016
"060301","FREWSBURG CSD","PK-12, UE, US","3611610","060301",5,"1492",2016
"060401","CASSADAGA VALLEY CSD","PK-12, UE, US","3606660","060401",4,"1492",2016
"060503","CHAUTAUQUA LAKE CSD","PK-12, UE, US","3600018","060503",5,"1492",2016
"060601","PINE VALLEY CSD (SOUTH DAYTON)","K-12, UE, US","3623070","060601",4,"1492",2016
"060701","CLYMER CSD","PK-12, UE, US","3607890","060701",5,"1492",2016
"060800","DUNKIRK CITY SD","PK-12, UE, US","3609420","060800",3,"1492",2016
"061001","BEMUS POINT CSD","K-12, UE, US","3604530","061001",5,"1492",2016
"061101","FALCONER CSD","PK-12, UE, US","3610920","061101",5,"1492",2016
"061501","SILVER CREEK CSD","PK-12, UE, US","3626880","061501",4,"1492",2016
"061503","FORESTVILLE CSD","PK-12","3611250","061503",5,"1492",2016
"061601","PANAMA CSD","PK-12","3622410","061601",5,"1492",2016
"061700","JAMESTOWN CITY SD","K-12, UE, US","3615630","061700",3,"1492",2016
"062201","FREDONIA CSD","PK-12, UE, US","3611520","062201",5,"1492",2016
"062301","BROCTON CSD","PK-12, UE","3605610","062301",4,"1492",2016
"062401","RIPLEY CSD","K-6","3624660","062401",4,"1492",2016
"062601","SHERMAN CSD","K-12, UE, US","3626730","062601",4,"1492",2016
"062901","WESTFIELD CSD","PK-12, US","3630990","062901",4,"1492",2016
"070600","ELMIRA CITY SD","PK-12, UE, US","3610560","070600",3,"5590",2016
"070901","HORSEHEADS CSD","PK-12, UE, US","3614850","070901",5,"5590",2016
"070902","ELMIRA HTS CSD","K-12","3610590","070902",5,"5590",2016
"080101","AFTON CSD","PK-12, UE","3602400","080101",4,"1290",2016
"080201","BAINBRIDGE-GUILFORD CSD","K-12, UE, US","3603810","080201",5,"1290",2016
"080601","GREENE CSD","PK-12, UE, US","3612750","080601",4,"1290",2016
"081003","UNADILLA VALLEY CSD","K-12, UE, US","3600019","081003",4,"1290",2016
"081200","NORWICH CITY SD","PK-12, UE, US","3621330","081200",4,"1290",2016
"081401","GEORGETOWN-SOUTH OTSELIC CSD","K-12, UE","3622100","081401",4,"1290",2016
"081501","OXFORD ACAD & CSD","K-12, US","3622260","081501",4,"1290",2016
"082001","SHERBURNE-EARLVILLE CSD","PK-12, UE, US","3626700","082001",4,"1290",2016
"090201","AUSABLE VALLEY CSD","K-12, UE, US","3616170","090201",5,"0990",2016
"090301","BEEKMANTOWN CSD","K-12, UE, US","3604290","090301",5,"0990",2016
"090501","NORTHEASTERN CLINTON CSD","PK-12, UE, US","3621250","090501",5,"0990",2016
"090601","CHAZY UFSD","K-12","3607170","090601",5,"0990",2016
"090901","NORTHERN ADIRONDACK CSD","K-12, UE, US","3621260","090901",4,"0990",2016
"091101","PERU CSD","K-12, UE, US","3622830","091101",5,"0990",2016
"091200","PLATTSBURGH CITY SD","PK-12, UE, US","3623280","091200",3,"0990",2016
"091402","SARANAC CSD","K-12, UE, US","3600009","091402",5,"0990",2016
"100308","BERKSHIRE UFSD","7-12, UE, US","","100308",5,"4990",2016
"100501","TACONIC HILLS CSD","K-12, UE, US","","100501",5,"4990",2016
"100902","GERMANTOWN CSD","K-12, UE, US","3612030","100902",5,"4990",2016
"101001","CHATHAM CSD","K-12, UE, US","3607110","101001",5,"4990",2016
"101300","HUDSON CITY SD","PK-12, UE, US","3614940","101300",4,"4990",2016
"101401","KINDERHOOK CSD","PK-12, UE, US","3615210","101401",5,"4990",2016
"101601","NEW LEBANON CSD","PK-12, US","3620430","101601",5,"4990",2016
"110101","CINCINNATUS CSD","K-12","3607560","110101",4,"4290",2016
"110200","CORTLAND CITY SD","PK-12, UE, US","3608460","110200",3,"4290",2016
"110304","MCGRAW CSD","K-12, UE","3618840","110304",4,"4290",2016
"110701","HOMER CSD","K-12, UE, US","3614640","110701",5,"4290",2016
"110901","MARATHON CSD","K-12, US","3618450","110901",4,"4290",2016
"120102","ANDES CSD","K-12","3603000","120102",5,"1990",2016
"120301","DOWNSVILLE CSD","K-12","3609240","120301",4,"1290",2016
"120401","CHARLOTTE VALLEY CSD","K-12, UE, US","3607050","120401",4,"1990",2016
"120501","DELHI CSD","K-12","3608910","120501",5,"1290",2016
"120701","FRANKLIN CSD","PK-12","3611430","120701",4,"1290",2016
"120906","HANCOCK CSD","PK-12, US","3613560","120906",4,"1290",2016
"121401","MARGARETVILLE CSD","K-12, UE, US","3618510","121401",4,"1990",2016
"121502","ROXBURY CSD","PK-12, UE","3625110","121502",5,"1990",2016
"121601","SIDNEY CSD","PK-12, UE, US","3626850","121601",4,"1290",2016
"121701","STAMFORD CSD","PK-12","3628020","121701",4,"1990",2016
"121702","SOUTH KORTRIGHT CSD","K-12, UE","3627330","121702",5,"1990",2016
"121901","WALTON CSD","PK-12, UE, US","3629820","121901",4,"1290",2016
"130200","BEACON CITY SD","PK-12, UE, US","3604140","130200",5,"1390",2016
"130502","DOVER UFSD","PK-12, UE, US","3609210","130502",5,"1390",2016
"130801","HYDE PARK CSD","K-12, UE, US","3615180","130801",5,"1390",2016
"131101","NORTHEAST CSD","PK-12, UE, US","3630390","131101",5,"1390",2016
"131201","PAWLING CSD","K-12, UE, US","3622530","131201",6,"1390",2016
"131301","PINE PLAINS CSD","K-12, UE, US","3623040","131301",5,"1390",2016
"131500","POUGHKEEPSIE CITY SD","PK-12, UE, US","3623760","131500",3,"1390",2016
"131601","ARLINGTON CSD","K-12, UE, US","3603270","131601",5,"1390",2016
"131602","SPACKENKILL UFSD","K-12, UE, US","3606500","131602",5,"1390",2016
"131701","RED HOOK CSD","K-12, UE, US","3624240","131701",5,"1390",2016
"131801","RHINEBECK CSD","K-12","3624480","131801",6,"1390",2016
"132101","WAPPINGERS CSD","K-12, UE, US","3629880","132101",5,"1390",2016
"132201","MILLBROOK CSD","K-12","3619380","132201",6,"1390",2016
"140101","ALDEN CSD","PK-12, UE, US","3602550","140101",5,"1491",2016
"140201","AMHERST CSD","PK-12, UE, US","3602920","140201",5,"1491",2016
"140203","WILLIAMSVILLE CSD","PK-12, UE, US","3631470","140203",5,"1491",2016
"140207","SWEET HOME CSD","PK-12, UE, US","3628500","140207",5,"1491",2016
"140301","EAST AURORA UFSD","K-12","3609540","140301",6,"1492",2016
"140600","BUFFALO CITY SD","PK-12, UE, US","3605850","140600",2,"1491",2016
"140701","CHEEKTOWAGA CSD","K-12, UE, US","3607230","140701",5,"1491",2016
"140702","CHEEKTOWAGA-MARYVALE UFSD","PK-12, UE, US","3618600","140702",5,"1491",2016
"140703","CLEVELAND HILL UFSD","PK-12, UE","3607680","140703",5,"1491",2016
"140707","DEPEW UFSD","PK-12, US","3609030","140707",5,"1491",2016
"140709","CHEEKTOWAGA-SLOAN UFSD","PK-12, US","3627000","140709",3,"1491",2016
"140801","CLARENCE CSD","PK-12, UE, US","3607590","140801",6,"1491",2016
"141101","SPRINGVILLE-GRIFFITH INST CSD","PK-12, US","3612990","141101",5,"1492",2016
"141201","EDEN CSD","PK-12, UE, US","3610170","141201",5,"1492",2016
"141301","IROQUOIS CSD","K-12, UE, US","3615360","141301",5,"1492",2016
"141401","EVANS-BRANT CSD (LAKE SHORE)","PK-12, UE, US","3616560","141401",5,"1492",2016
"141501","GRAND ISLAND CSD","PK-12, UE, US","3607020","141501",5,"1491",2016
"141601","HAMBURG CSD","PK-12, UE, US","3613350","141601",5,"1491",2016
"141604","FRONTIER CSD","PK-12, UE, US","3611670","141604",5,"1491",2016
"141701","HOLLAND CSD","PK-12, US","3614550","141701",5,"1492",2016
"141800","LACKAWANNA CITY SD","K-12, UE, US","3616440","141800",3,"1491",2016
"141901","LANCASTER CSD","PK-12, UE, US","3616680","141901",5,"1491",2016
"142101","AKRON CSD","PK-12, UE, US","3602430","142101",5,"1491",2016
"142201","NORTH COLLINS CSD","PK-12","3620970","142201",5,"1492",2016
"142301","ORCHARD PARK CSD","PK-12","3621900","142301",6,"1492",2016
"142500","TONAWANDA CITY SD","PK-12, UE","3628740","142500",5,"1491",2016
"142601","KENMORE-TONAWANDA UFSD","PK-12, UE, US","3616230","142601",5,"1491",2016
"142801","WEST SENECA CSD","PK-12, UE, US","3630780","142801",5,"1491",2016
"150203","CROWN POINT CSD","K-12","3608610","150203",4,"0990",2016
"150301","ELIZABETHTOWN-LEWIS CSD","K-12","3610440","150301",4,"0990",2016
"150601","KEENE CSD","PK-12","3616140","150601",6,"0990",2016
"150801","MINERVA CSD","PK-12, UE, US","3619530","150801",5,"6490",2016
"150901","MORIAH CSD","K-12, UE, US","3619830","150901",4,"0990",2016
"151001","NEWCOMB CSD","PK-12","3620730","151001",6,"6490",2016
"151102","LAKE PLACID CSD","K-12, UE, US","3616500","151102",5,"1690",2016
"151401","SCHROON LAKE CSD","PK-12","3626130","151401",5,"0990",2016
"151501","TICONDEROGA CSD","PK-12, UE, US","3628680","151501",4,"0990",2016
"151601","WESTPORT CSD","K-12","3631080","151601",5,"0990",2016
"151701","WILLSBORO CSD","K-12, UE","3631500","151701",5,"0990",2016
"160101","TUPPER LAKE CSD","PK-12, UE, US","3629160","160101",5,"1690",2016
"160801","CHATEAUGAY CSD","K-12, US","3607080","160801",4,"1690",2016
"161201","SALMON RIVER CSD","PK-12, UE, US","3625500","161201",4,"1690",2016
"161401","SARANAC LAKE CSD","PK-12, UE, US","3625740","161401",5,"1690",2016
"161501","MALONE CSD","K-12, US","3618180","161501",4,"1690",2016
"161601","BRUSHTON-MOIRA CSD","K-12, UE, US","3605820","161601",4,"1690",2016
"161801","ST REGIS FALLS CSD","K-12","3627990","161801",4,"1690",2016
"170301","WHEELERVILLE UFSD","PK-8","3631200","170301",5,"2090",2016
"170500","GLOVERSVILLE CITY SD","K-12, US","3612270","170500",4,"2090",2016
"170600","JOHNSTOWN CITY SD","PK-12, UE, US","3615980","170600",5,"2090",2016
"170801","MAYFIELD CSD","PK-12, UE, US","3618750","170801",5,"2090",2016
"170901","NORTHVILLE CSD","PK-12","3621300","170901",5,"2090",2016
"171102","BROADALBIN-PERTH CSD","PK-12, UE, US","3600005","171102",5,"2090",2016
"180202","ALEXANDER CSD","PK-12, UE, US","3602580","180202",5,"2490",2016
"180300","BATAVIA CITY SD","PK-12, UE, US","3603990","180300",4,"2490",2016
"180701","BYRON-BERGEN CSD","PK-12, US","3606090","180701",5,"2490",2016
"180901","ELBA CSD","PK-12, US","3610380","180901",5,"2490",2016
"181001","LE ROY CSD","PK-12, UE","3616950","181001",5,"2490",2016
"181101","OAKFIELD-ALABAMA CSD","PK-12, US","3621510","181101",5,"2490",2016
"181201","PAVILION CSD","PK-12","3622500","181201",5,"2490",2016
"181302","PEMBROKE CSD","PK-12, UE, US","3608340","181302",5,"2490",2016
"190301","CAIRO-DURHAM CSD","PK-12, UE, US","3606160","190301",5,"4990",2016
"190401","CATSKILL CSD","PK-12, UE, US","3606720","190401",5,"4990",2016
"190501","COXSACKIE-ATHENS CSD","K-12, UE, US","3608490","190501",5,"4990",2016
"190701","GREENVILLE CSD","PK-12, UE, US","3612870","190701",5,"4990",2016
"190901","HUNTER-TANNERSVILLE CSD","K-12, UE, US","3615060","190901",5,"1990",2016
"191401","WINDHAM-ASHLAND-JEWETT CSD","K-12, UE, US","3631590","191401",5,"1990",2016
"200401","INDIAN LAKE CSD","K-12","3615270","200401",5,"6490",2016
"200501","INLET COMN SD","K-6","3615330","200501",5,"2290",2016
"200601","LAKE PLEASANT CSD","PK-9, US","3616530","200601",5,"2090",2016
"200701","LONG LAKE CSD","PK-12","3617760","200701",6,"1690",2016
"200901","WELLS CSD","PK-12, US","3630450","200901",5,"2090",2016
"210302","WEST CANADA VALLEY CSD","PK-12, US","3630600","210302",5,"2190",2016
"210402","FRANKFORT-SCHUYLER CSD","PK-12, UE, US","3611400","210402",5,"2190",2016
"210601","HERKIMER CSD","PK-12, UE","3614220","210601",4,"2190",2016
"210800","LITTLE FALLS CITY SD","PK-12, UE, US","3617460","210800",4,"2190",2016
"211003","DOLGEVILLE CSD","K-12","3600001","211003",4,"2190",2016
"211103","POLAND CSD","PK-12","3623370","211103",4,"2190",2016
"211701","VAN HORNESVILLE-OWEN D. YOUNG CSD","K-12","3622200","211701",4,"2190",2016
"211901","TOWN OF WEBB UFSD","K-12, UE","3628800","211901",6,"2290",2016
"212001","MOUNT MARKHAM CSD","PK-12","3630930","212001",4,"2190",2016
"212101","CENTRAL VALLEY CSD AT ILION-MOHAWK","K-12, UE, US","","",4,"2190",2016
"220101","SOUTH JEFFERSON CSD","PK-12, UE, US","3602340","220101",5,"2290",2016
"220202","ALEXANDRIA CSD","PK-12","3602670","220202",5,"2290",2016
"220301","INDIAN RIVER CSD","PK-12, UE, US","3615300","220301",4,"2290",2016
"220401","GENERAL BROWN CSD","PK-12, US","3611910","220401",5,"2290",2016
"220701","THOUSAND ISLANDS CSD","K-12","3607650","220701",5,"2290",2016
"220909","BELLEVILLE HENDERSON CSD","PK-12, US","3604370","220909",4,"2290",2016
"221001","SACKETS HARBOR CSD","K-12","3614880","221001",5,"2290",2016
"221301","LYME CSD","K-12, US","3617880","221301",4,"2290",2016
"221401","LA FARGEVILLE CSD","PK-12, US","3616380","221401",4,"2290",2016
"222000","WATERTOWN CITY SD","PK-12, UE, US","3630120","222000",3,"2290",2016
"222201","CARTHAGE CSD","PK-12, UE, US","3606630","222201",4,"2290",2016
"230201","COPENHAGEN CSD","PK-12, US","3608280","230201",4,"2290",2016
"230301","HARRISVILLE CSD","PK-12, UE, US","3613770","230301",5,"5190",2016
"230901","LOWVILLE ACAD & CSD","PK-12, UE, US","3617820","230901",4,"2290",2016
"231101","SOUTH LEWIS CSD","PK-12, UE, US","3627360","231101",4,"2290",2016
"231301","BEAVER RIVER CSD","PK-12, US","3604200","231301",4,"2290",2016
"240101","AVON CSD","K-12, UE, US","3603660","240101",5,"2490",2016
"240201","CALEDONIA-MUMFORD CSD","PK-12, US","3606180","240201",5,"2490",2016
"240401","GENESEO CSD","K-12, UE","3611940","240401",5,"2490",2016
"240801","LIVONIA CSD","PK-12, UE, US","3617640","240801",5,"2490",2016
"240901","MT MORRIS CSD","K-12","3620010","240901",4,"2490",2016
"241001","DANSVILLE CSD","K-12, UE, US","3608790","241001",4,"2490",2016
"241101","DALTON-NUNDA CSD (KESHEQUA)","K-12, UE","3621450","241101",5,"2490",2016
"241701","YORK CSD","PK-12, UE, US","3631950","241701",5,"2490",2016
"250109","BROOKFIELD CSD","PK-12","3605670","250109",4,"4190",2016
"250201","CAZENOVIA CSD","K-12, UE, US","3606780","250201",5,"4290",2016
"250301","DE RUYTER CSD","K-12, US","3608850","250301",4,"4290",2016
"250401","MORRISVILLE-EATON CSD","PK-12","3619920","250401",4,"2590",2016
"250701","HAMILTON CSD","PK-12, UE, US","3613380","250701",5,"2590",2016
"250901","CANASTOTA CSD","PK-12, UE","3606390","250901",5,"2590",2016
"251101","MADISON CSD","K-12","3618080","251101",4,"2590",2016
"251400","ONEIDA CITY SD","PK-12","3600013","251400",5,"2590",2016
"251501","STOCKBRIDGE VALLEY CSD","PK-12","3628140","251501",5,"2590",2016
"251601","CHITTENANGO CSD","K-12, UE, US","3607470","251601",5,"4290",2016
"260101","BRIGHTON CSD","K-12, UE, US","3605460","260101",6,"2691",2016
"260401","GATES-CHILI CSD","PK-12, UE, US","3611880","260401",5,"2692",2016
"260501","GREECE CSD","PK-12, UE, US","3612630","260501",5,"2692",2016
"260801","EAST IRONDEQUOIT CSD","PK-12, UE, US","3609690","260801",5,"2691",2016
"260803","WEST IRONDEQUOIT CSD","K-12, UE, US","3615390","260803",5,"2691",2016
"260901","HONEOYE FALLS-LIMA CSD","PK-12, UE, US","3614700","260901",5,"2691",2016
"261001","SPENCERPORT CSD","K-12, UE, US","3627780","261001",5,"2692",2016
"261101","HILTON CSD","PK-12, UE, US","3614460","261101",5,"2692",2016
"261201","PENFIELD CSD","K-12, UE, US","3622710","261201",5,"2691",2016
"261301","FAIRPORT CSD","K-12, US","3610890","261301",5,"2691",2016
"261313","EAST ROCHESTER UFSD","PK-12, UE, US","3609930","261313",5,"2691",2016
"261401","PITTSFORD CSD","K-12, UE, US","3623160","261401",6,"2691",2016
"261501","CHURCHVILLE-CHILI CSD","K-12, UE, US","3607530","261501",5,"2692",2016
"261600","ROCHESTER CITY SD","PK-12, UE, US","3624750","261600",2,"2691",2016
"261701","RUSH-HENRIETTA CSD","PK-12, UE, US","3625170","261701",5,"2691",2016
"261801","BROCKPORT CSD","PK-12, UE, US","3605580","261801",5,"2692",2016
"261901","WEBSTER CSD","PK-12, UE, US","3630360","261901",5,"2691",2016
"262001","WHEATLAND-CHILI CSD","K-12","3631170","262001",5,"2692",2016
"270100","AMSTERDAM CITY SD","K-12, UE, US","3602970","270100",4,"2090",2016
"270301","CANAJOHARIE CSD","PK-12, US","3606300","270301",4,"2090",2016
"270601","FONDA-FULTONVILLE CSD","K-12, UE","3611190","270601",5,"2090",2016
"270701","FORT PLAIN CSD","K-12, UE, US","3611370","270701",4,"2090",2016
"271201","OPPENHEIM-EPHRATAH-ST. JOHNSVILLE CSD","K-12","","",4,"2090",2016
"280100","GLEN COVE CITY SD","PK-12, UE, US","3612180","280100",5,"2890",2016
"280201","HEMPSTEAD UFSD","PK-12, UE, US","3614130","280201",3,"2890",2016
"280202","UNIONDALE UFSD","K-12, UE, US","3629280","280202",3,"2890",2016
"280203","EAST MEADOW UFSD","K-12, UE, US","3609840","280203",6,"2890",2016
"280204","NORTH BELLMORE UFSD","PK-6, UE","3620940","280204",6,"2890",2016
"280205","LEVITTOWN UFSD","PK-12, UE, US","3617160","280205",5,"2890",2016
"280206","SEAFORD UFSD","K-12, UE, US","3626400","280206",6,"2890",2016
"280207","BELLMORE UFSD","PK-6, UE","3604410","280207",6,"2890",2016
"280208","ROOSEVELT UFSD","K-12, UE, US","3624990","280208",3,"2890",2016
"280209","FREEPORT UFSD","PK-12, UE, US","3611550","280209",3,"2890",2016
"280210","BALDWIN UFSD","K-12, UE, US","3603840","280210",6,"2890",2016
"280211","OCEANSIDE UFSD","K-12, UE, US","3621570","280211",6,"2890",2016
"280212","MALVERNE UFSD","K-12, UE","3618210","280212",5,"2890",2016
"280213","VALLEY STREAM 13 UFSD","K-6, UE","3629460","280213",5,"2890",2016
"280214","HEWLETT-WOODMERE UFSD","PK-12, UE, US","3631710","280214",6,"2890",2016
"280215","LAWRENCE UFSD","K-12, UE, US","3616830","280215",5,"2890",2016
"280216","ELMONT UFSD","PK-6, UE","3610620","280216",5,"2890",2016
"280217","FRANKLIN SQUARE UFSD","PK-7, UE","3611460","280217",6,"2890",2016
"280218","GARDEN CITY UFSD","K-12, UE, US","3611760","280218",6,"2890",2016
"280219","EAST ROCKAWAY UFSD","K-12, UE, US","3609960","280219",5,"2890",2016
"280220","LYNBROOK UFSD","K-12, UE, US","3617910","280220",6,"2890",2016
"280221","ROCKVILLE CENTRE UFSD","K-12, UE, US","3624780","280221",6,"2890",2016
"280222","FLORAL PARK-BELLEROSE UFSD","K-6, UE","3611160","280222",6,"2890",2016
"280223","WANTAGH UFSD","K-12, UE","3629850","280223",6,"2890",2016
"280224","VALLEY STREAM 24 UFSD","K-6, UE","3629430","280224",5,"2890",2016
"280225","MERRICK UFSD","K-6, UE, US","3619110","280225",6,"2890",2016
"280226","ISLAND TREES UFSD","K-12, UE, US","3615510","280226",5,"2890",2016
"280227","WEST HEMPSTEAD UFSD","K-12, UE, US","3630660","280227",5,"2890",2016
"280229","NORTH MERRICK UFSD","K-6, UE","3621120","280229",6,"2890",2016
"280230","VALLEY STREAM 30 UFSD","K-6, UE","3629490","280230",5,"2890",2016
"280231","ISLAND PARK UFSD","K-8, UE","3615480","280231",5,"2890",2016
"280251","VALLEY STREAM CENTRAL HS DISTRICT","7-12, US","3629520","280251",6,"2890",2016
"280252","SEWANHAKA CENTRAL HS DISTRICT","7-12, US","3626520","280252",6,"2890",2016
"280253","BELLMORE-MERRICK CENTRAL HS DISTRICT","7-12, UE, US","3619020","280253",6,"2890",2016
"280300","LONG BEACH CITY SD","PK-12, UE, US","3617730","280300",5,"2890",2016
"280401","WESTBURY UFSD","PK-12, UE","3630960","280401",3,"2890",2016
"280402","EAST WILLISTON UFSD","K-12, US","3610050","280402",6,"2890",2016
"280403","ROSLYN UFSD","PK-12, UE, US","3625050","280403",6,"2890",2016
"280404","PORT WASHINGTON UFSD","PK-12, UE, US","3623580","280404",6,"2890",2016
"280405","NEW HYDE PARK-GARDEN CITY PARK UFSD","PK-6, UE","3620400","280405",6,"2890",2016
"280406","MANHASSET UFSD","K-12, UE, US","3618270","280406",6,"2890",2016
"280407","GREAT NECK UFSD","PK-12, UE, US","3612510","280407",6,"2890",2016
"280409","HERRICKS UFSD","PK-12, UE, US","3614280","280409",6,"2890",2016
"280410","MINEOLA UFSD","PK-12, UE, US","3619500","280410",6,"2890",2016
"280411","CARLE PLACE UFSD","K-12, UE, US","3606540","280411",6,"2890",2016
"280501","NORTH SHORE CSD","K-12, UE, US","3626370","280501",6,"2890",2016
"280502","SYOSSET CSD","K-12, UE, US","3628560","280502",6,"2890",2016
"280503","LOCUST VALLEY CSD","K-12, UE","3617700","280503",6,"2890",2016
"280504","PLAINVIEW-OLD BETHPAGE CSD","K-12, UE, US","3623220","280504",6,"2890",2016
"280506","OYSTER BAY-EAST NORWICH CSD","PK-12, UE, US","3622290","280506",6,"2890",2016
"280515","JERICHO UFSD","K-12, UE, US","3615810","280515",6,"2890",2016
"280517","HICKSVILLE UFSD","PK-12, UE, US","3614340","280517",5,"2890",2016
"280518","PLAINEDGE UFSD","K-12, UE, US","3623190","280518",6,"2890",2016
"280521","BETHPAGE UFSD","K-12, UE, US","3604740","280521",6,"2890",2016
"280522","FARMINGDALE UFSD","PK-12, UE, US","3610980","280522",5,"2890",2016
"280523","MASSAPEQUA UFSD","K-12, UE, US","3618630","280523",6,"2890",2016
"307500","NYC SPECIAL SCHOOLS","K-12, UE, US","","",1,"3090",2016
"310100","NYC GEOG DIST 1","PK-12, UE, US","","310100",1,"3090",2016
"310200","NYC GEOG DIST 2","PK-12, UE, US","","310200",1,"3090",2016
"310300","NYC GEOG DIST 3","PK-12, UE, US","","310300",1,"3090",2016
"310400","NYC GEOG DIST 4","PK-12, UE, US","","310400",1,"3090",2016
"310500","NYC GEOG DIST 5","PK-12, UE, US","","310500",1,"3090",2016
"310600","NYC GEOG DIST 6","PK-12, UE, US","","310600",1,"3090",2016
"320700","NYC GEOG DIST 7","PK-12, UE, US","","320700",1,"3090",2016
"320800","NYC GEOG DIST 8","PK-12, UE, US","","320800",1,"3090",2016
"320900","NYC GEOG DIST 9","PK-12, UE, US","","320900",1,"3090",2016
"321000","NYC GEOG DIST 10","PK-12, UE, US","","321000",1,"3090",2016
"321100","NYC GEOG DIST 11","PK-12, UE, US","","321100",1,"3090",2016
"321200","NYC GEOG DIST 12","PK-12, UE, US","","321200",1,"3090",2016
"331300","NYC GEOG DIST 13","PK-12, UE, US","","331300",1,"3090",2016
"331400","NYC GEOG DIST 14","PK-12, UE, US","","331400",1,"3090",2016
"331500","NYC GEOG DIST 15","PK-12, UE, US","","331500",1,"3090",2016
"331600","NYC GEOG DIST 16","PK-12, UE, US","","331600",1,"3090",2016
"331700","NYC GEOG DIST 17","PK-12, UE, US","","331700",1,"3090",2016
"331800","NYC GEOG DIST 18","PK-12, UE, US","","331800",1,"3090",2016
"331900","NYC GEOG DIST 19","PK-12, UE, US","","331900",1,"3090",2016
"332000","NYC GEOG DIST 20","PK-12, UE, US","","332000",1,"3090",2016
"332100","NYC GEOG DIST 21","PK-12, UE, US","","332100",1,"3090",2016
"332200","NYC GEOG DIST 22","PK-12, UE, US","","332200",1,"3090",2016
"332300","NYC GEOG DIST 23","PK-12, UE, US","","332300",1,"3090",2016
"333200","NYC GEOG DIST 32","PK-12, UE, US","","333200",1,"3090",2016
"342400","NYC GEOG DIST 24","PK-12, UE, US","","342400",1,"3090",2016
"342500","NYC GEOG DIST 25","PK-12, UE, US","","342500",1,"3090",2016
"342600","NYC GEOG DIST 26","PK-12, UE, US","","342600",1,"3090",2016
"342700","NYC GEOG DIST 27","PK-12, UE, US","","342700",1,"3090",2016
"342800","NYC GEOG DIST 28","PK-12, UE, US","","342800",1,"3090",2016
"342900","NYC GEOG DIST 29","PK-12, UE, US","","342900",1,"3090",2016
"343000","NYC GEOG DIST 30","PK-12, UE, US","","343000",1,"3090",2016
"353100","NYC GEOG DIST 31","PK-12, UE, US","","353100",1,"3090",2016
"400301","LEWISTON-PORTER CSD","PK-12, UE, US","3617190","400301",5,"4590",2016
"400400","LOCKPORT CITY SD","PK-12, UE, US","3617670","400400",5,"4590",2016
"400601","NEWFANE CSD","PK-12, UE, US","3620760","400601",5,"4590",2016
"400701","NIAGARA-WHEATFIELD CSD","K-12, UE, US","3620850","400701",5,"4590",2016
"400800","NIAGARA FALLS CITY SD","PK-12, UE, US","3620820","400800",3,"4590",2016
"400900","NORTH TONAWANDA CITY SD","PK-12, UE, US","3621240","400900",5,"4590",2016
"401001","STARPOINT CSD","PK-12, UE, US","3628050","401001",5,"4590",2016
"401201","ROYALTON-HARTLAND CSD","PK-12","3625140","401201",5,"4590",2016
"401301","BARKER CSD","PK-12, UE","3603960","401301",5,"4590",2016
"401501","WILSON CSD","PK-12, UE, US","3631560","401501",5,"4590",2016
"410401","ADIRONDACK CSD","PK-12, UE, US","3605040","410401",4,"2290",2016
"410601","CAMDEN CSD","PK-12, UE, US","3606240","410601",4,"2590",2016
"411101","CLINTON CSD","K-12, UE","3607770","411101",5,"4190",2016
"411501","NEW HARTFORD CSD","K-12, UE, US","3620370","411501",6,"4190",2016
"411504","NY MILLS UFSD","K-12","3620610","411504",5,"4190",2016
"411603","SAUQUOIT VALLEY CSD","PK-12","3600002","411603",5,"4190",2016
"411701","REMSEN CSD","K-12, UE, US","3624360","411701",4,"4190",2016
"411800","ROME CITY SD","PK-12, UE, US","3624900","411800",3,"2590",2016
"411902","WATERVILLE CSD","K-12, UE","3630160","411902",5,"4190",2016
"412000","SHERRILL CITY SD","PK-12, UE, US","3626760","412000",5,"2590",2016
"412201","HOLLAND PATENT CSD","K-12, UE, US","3614580","412201",5,"4190",2016
"412300","UTICA CITY SD","PK-12, UE, US","3629370","412300",3,"4190",2016
"412801","WESTMORELAND CSD","PK-12, US","3631050","412801",5,"4190",2016
"412901","ORISKANY CSD","PK-12","3621960","412901",5,"4190",2016
"412902","WHITESBORO CSD","K-12, UE, US","3631320","412902",5,"4190",2016
"420101","WEST GENESEE CSD","K-12, UE, US","3630630","420101",5,"4290",2016
"420303","NORTH SYRACUSE CSD","PK-12, UE, US","3621210","420303",5,"4290",2016
"420401","EAST SYRACUSE-MINOA CSD","PK-12, UE, US","3609990","420401",5,"4290",2016
"420411","JAMESVILLE-DEWITT CSD","K-12, UE, US","3609090","420411",5,"4290",2016
"420501","JORDAN-ELBRIDGE CSD","K-12, US","3615990","420501",5,"0590",2016
"420601","FABIUS-POMPEY CSD","K-12, UE","3610860","420601",5,"4290",2016
"420701","WESTHILL CSD","K-12, UE, US","3607320","420701",5,"4290",2016
"420702","SOLVAY UFSD","K-12, UE, US","3627150","420702",3,"4290",2016
"420807","LA FAYETTE CSD","PK-12","3616410","420807",5,"4290",2016
"420901","BALDWINSVILLE CSD","K-12, UE, US","3603870","420901",5,"4290",2016
"421001","FAYETTEVILLE-MANLIUS CSD","K-12, UE, US","3618330","421001",6,"4290",2016
"421101","MARCELLUS CSD","K-12, UE, US","3618480","421101",5,"4290",2016
"421201","ONONDAGA CSD","PK-12, UE, US","3621810","421201",5,"4290",2016
"421501","LIVERPOOL CSD","K-12, UE, US","3617520","421501",5,"4290",2016
"421504","LYNCOURT UFSD","K-8, UE","3617940","421504",5,"4290",2016
"421601","SKANEATELES CSD","K-12, UE, US","3626940","421601",6,"0590",2016
"421800","SYRACUSE CITY SD","PK-12, UE, US","3628590","421800",2,"4290",2016
"421902","TULLY CSD","K-12, UE","3629130","421902",5,"4290",2016
"430300","CANANDAIGUA CITY SD","PK-12, UE, US","3606330","430300",5,"4390",2016
"430501","EAST BLOOMFIELD CSD","PK-12, US","3604920","430501",5,"4390",2016
"430700","GENEVA CITY SD","PK-12, UE, US","3611970","430700",4,"4390",2016
"430901","GORHAM-MIDDLESEX CSD (MARCUS WHITMAN","PK-12, UE","3612300","430901",5,"4390",2016
"431101","MANCHESTER-SHORTSVILLE CSD (RED JACK","PK-12, US","3624270","431101",5,"4390",2016
"431201","NAPLES CSD","PK-12, UE, US","3620220","431201",5,"4390",2016
"431301","PHELPS-CLIFTON SPRINGS CSD","PK-12, UE, US","3622890","431301",5,"4390",2016
"431401","HONEOYE CSD","K-12, UE, US","3614670","431401",5,"4390",2016
"431701","VICTOR CSD","PK-12, UE, US","3629640","431701",5,"4390",2016
"440102","WASHINGTONVILLE CSD","PK-12, UE, US","3630030","440102",5,"4490",2016
"440201","CHESTER UFSD","K-12, UE, US","3607380","440201",5,"4490",2016
"440301","CORNWALL CSD","K-12, UE, US","3608430","440301",5,"4490",2016
"440401","PINE BUSH CSD","PK-12, UE, US","3623010","440401",5,"4490",2016
"440601","GOSHEN CSD","K-12, UE, US","3612330","440601",5,"4490",2016
"440901","HIGHLAND FALLS CSD","K-12","3614430","440901",5,"4490",2016
"441000","MIDDLETOWN CITY SD","PK-12, UE, US","3619320","441000",3,"4490",2016
"441101","MINISINK VALLEY CSD","K-12, US","3619560","441101",5,"4490",2016
"441201","MONROE-WOODBURY CSD","K-12, UE, US","3619650","441201",5,"4490",2016
"441202","KIRYAS JOEL VILLAGE UFSD","PK, UE, US","3604758","441202",3,"4490",2016
"441301","VALLEY CSD (MONTGOMERY)","PK-12, UE, US","3619680","441301",5,"4490",2016
"441600","NEWBURGH CITY SD","PK-12, UE, US","3620700","441600",3,"4490",2016
"441800","PORT JERVIS CITY SD","PK-12, UE, US","3623520","441800",4,"4490",2016
"441903","TUXEDO UFSD","K-12","3629190","441903",6,"4490",2016
"442101","WARWICK VALLEY CSD","K-12, UE, US","3629970","442101",6,"4490",2016
"442111","GREENWOOD LAKE UFSD","K-8","","442111",5,"4490",2016
"442115","FLORIDA UFSD","K-12, UE, US","3625320","442115",5,"4490",2016
"450101","ALBION CSD","PK-12, UE, US","3602520","450101",4,"4590",2016
"450607","KENDALL CSD","PK-12, UE","3616200","450607",5,"2692",2016
"450704","HOLLEY CSD","PK-12, UE, US","3614610","450704",5,"2692",2016
"450801","MEDINA CSD","PK-12, UE, US","3618960","450801",4,"4590",2016
"451001","LYNDONVILLE CSD","PK-12, UE","3617970","451001",5,"4590",2016
"460102","ALTMAR-PARISH-WILLIAMSTOWN CSD","PK-12, UE, US","3602820","460102",4,"4690",2016
"460500","FULTON CITY SD","PK-12, UE, US","3611700","460500",3,"4690",2016
"460701","HANNIBAL CSD","PK-12, UE, US","3613590","460701",4,"4690",2016
"460801","CENTRAL SQUARE CSD","PK-12, UE, US","3606900","460801",5,"4690",2016
"460901","MEXICO CSD","PK-12, UE, US","3619170","460901",5,"4690",2016
"461300","OSWEGO CITY SD","PK-12, UE, US","3622050","461300",5,"4690",2016
"461801","PULASKI CSD","PK-12, UE, US","3623880","461801",4,"4690",2016
"461901","SANDY CREEK CSD","PK-12, UE, US","3625650","461901",4,"4690",2016
"462001","PHOENIX CSD","PK-12, UE, US","3622920","462001",5,"4690",2016
"470202","GILBERTSVILLE-MOUNT UPTON CSD","K-12","3604757","470202",4,"1290",2016
"470501","EDMESTON CSD","K-12, US","3610260","470501",4,"1990",2016
"470801","LAURENS CSD","K-12, US","3616800","470801",4,"1990",2016
"470901","SCHENEVUS CSD","K-12, UE, US","3603060","470901",5,"1990",2016
"471101","MILFORD CSD","K-12, US","3619350","471101",4,"1990",2016
"471201","MORRIS CSD","K-12, UE","3619860","471201",4,"1990",2016
"471400","ONEONTA CITY SD","PK-12, UE, US","3621780","471400",5,"1990",2016
"471601","OTEGO-UNADILLA CSD","K-12","3629240","471601",4,"1290",2016
"471701","COOPERSTOWN CSD","K-12, UE, US","3608250","471701",5,"1990",2016
"472001","RICHFIELD SPRINGS CSD","PK-12","3624570","472001",4,"2190",2016
"472202","CHERRY VALLEY-SPRINGFIELD CSD","K-12, UE","3600006","472202",5,"1990",2016
"472506","WORCESTER CSD","PK-12","3631740","472506",5,"1990",2016
"480101","MAHOPAC CSD","K-12, UE, US","3618120","480101",6,"4890",2016
"480102","CARMEL CSD","K-12, UE, US","3606570","480102",5,"4890",2016
"480401","HALDANE CSD","K-12, US","3613230","480401",6,"4890",2016
"480404","GARRISON UFSD","K-8","3611860","480404",6,"4890",2016
"480503","PUTNAM VALLEY CSD","K-12, UE, US","3624000","480503",6,"4890",2016
"480601","BREWSTER CSD","K-12, UE, US","3605310","480601",6,"4890",2016
"490101","BERLIN CSD","K-12, US","3604620","490101",5,"4990",2016
"490202","BRUNSWICK CSD (BRITTONKILL)","K-12, UE, US","3605520","490202",5,"4990",2016
"490301","EAST GREENBUSH CSD","K-12, UE, US","3609630","490301",5,"4990",2016
"490501","HOOSICK FALLS CSD","K-12, UE, US","3614760","490501",5,"4990",2016
"490601","LANSINGBURGH CSD","K-12, UE, US","3616740","490601",3,"4990",2016
"490801","NORTH GREENBUSH COMN SD (WILLIAMS)","K-1","3631410","490801",5,"4990",2016
"490804","WYNANTSKILL UFSD","K-8","3631830","490804",5,"4990",2016
"491200","RENSSELAER CITY SD","K-12","3624450","491200",3,"4990",2016
"491302","AVERILL PARK CSD","K-12, UE, US","3600016","491302",5,"4990",2016
"491401","HOOSIC VALLEY CSD","K-12, UE, US","3614730","491401",5,"4990",2016
"491501","SCHODACK CSD","K-12","3626070","491501",5,"4990",2016
"491700","TROY CITY SD","K-12, UE, US","3628950","491700",3,"4990",2016
"500101","CLARKSTOWN CSD","PK-12, UE, US","3620340","500101",6,"5090",2016
"500108","NANUET UFSD","PK-12, UE, US","3620190","500108",6,"5090",2016
"500201","HAVERSTRAW-STONY POINT CSD (NORTH RO","PK-12, UE, US","3614010","500201",5,"5090",2016
"500301","SOUTH ORANGETOWN CSD","PK-12, US","3627450","500301",6,"5090",2016
"500304","NYACK UFSD","PK-12, UE, US","3621480","500304",5,"5090",2016
"500308","PEARL RIVER UFSD","PK-12","3622560","500308",6,"5090",2016
"500401","RAMAPO CSD (SUFFERN)","PK-12, UE","3628320","500401",6,"5090",2016
"500402","EAST RAMAPO CSD (SPRING VALLEY)","PK-12, UE, US","3627810","500402",3,"5090",2016
"510101","BRASHER FALLS CSD","PK-12, UE, US","3627960","510101",4,"5190",2016
"510201","CANTON CSD","PK-12, UE, US","3606470","510201",5,"5190",2016
"510401","CLIFTON-FINE CSD","PK-12","3607710","510401",4,"5190",2016
"510501","COLTON-PIERREPONT CSD","PK-12","3608100","510501",5,"5190",2016
"511101","GOUVERNEUR CSD","PK-12, UE, US","3612360","511101",4,"5190",2016
"511201","HAMMOND CSD","PK-12","3613440","511201",4,"5190",2016
"511301","HERMON-DEKALB CSD","K-12","3614250","511301",4,"5190",2016
"511602","LISBON CSD","PK-12","3617430","511602",4,"5190",2016
"511901","MADRID-WADDINGTON CSD","PK-12","3618090","511901",5,"5190",2016
"512001","MASSENA CSD","PK-12, UE, US","3618660","512001",4,"5190",2016
"512101","MORRISTOWN CSD","PK-12","3619890","512101",4,"5190",2016
"512201","NORWOOD-NORFOLK CSD","PK-12, US","3621360","512201",4,"5190",2016
"512300","OGDENSBURG CITY SD","PK-12, UE, US","3621660","512300",4,"5190",2016
"512404","HEUVELTON CSD","PK-12","3614310","512404",4,"5190",2016
"512501","PARISHVILLE-HOPKINTON CSD","PK-12","3622440","512501",4,"5190",2016
"512902","POTSDAM CSD","PK-12, UE, US","3623670","512902",5,"5190",2016
"513102","EDWARDS-KNOX CSD","K-12, UE, US","3600003","513102",4,"5190",2016
"520101","BURNT HILLS-BALLSTON LAKE CSD","K-12, UE, US","3605940","520101",6,"0190",2016
"520302","SHENENDEHOWA CSD","K-12, UE, US","3626670","520302",5,"0190",2016
"520401","CORINTH CSD","K-12, UE, US","3608370","520401",5,"6490",2016
"520601","EDINBURG COMN SD","PK-6","3610230","520601",5,"2090",2016
"520701","GALWAY CSD","K-12, UE, US","3611730","520701",5,"6490",2016
"521200","MECHANICVILLE CITY SD","K-12, UE, US","3618900","521200",5,"6490",2016
"521301","BALLSTON SPA CSD","PK-12, UE, US","3603930","521301",5,"6490",2016
"521401","SOUTH GLENS FALLS CSD","PK-12, UE, US","3627240","521401",5,"6490",2016
"521701","SCHUYLERVILLE CSD","K-12, UE, US","3626160","521701",5,"6490",2016
"521800","SARATOGA SPRINGS CITY SD","PK-12, UE, US","3625770","521800",5,"6490",2016
"522001","STILLWATER CSD","PK-12, UE, US","3628110","522001",5,"6490",2016
"522101","WATERFORD-HALFMOON UFSD","K-12, UE, US","3630060","522101",5,"6490",2016
"530101","DUANESBURG CSD","K-12","3609360","530101",5,"0190",2016
"530202","SCOTIA-GLENVILLE CSD","K-12, UE, US","3626310","530202",5,"0190",2016
"530301","NISKAYUNA CSD","K-12, UE, US","3620880","530301",6,"0190",2016
"530501","SCHALMONT CSD","K-12, UE, US","3625980","530501",5,"0190",2016
"530515","ROTTERDAM-MOHONASEN CSD","K-12, UE, US","3600004","530515",5,"0190",2016
"530600","SCHENECTADY CITY SD","PK-12, UE, US","3626010","530600",3,"0190",2016
"540801","GILBOA-CONESVILLE CSD","K-12, UE, US","3612120","540801",5,"1990",2016
"540901","JEFFERSON CSD","PK-12","3615720","540901",4,"1990",2016
"541001","MIDDLEBURGH CSD","PK-12","3619260","541001",5,"0190",2016
"541102","COBLESKILL-RICHMONDVILLE CSD","PK-12, UE, US","3600010","541102",5,"0190",2016
"541201","SCHOHARIE CSD","K-12, UE, US","3626100","541201",5,"0190",2016
"541401","SHARON SPRINGS CSD","K-12","3626580","541401",5,"0190",2016
"550101","ODESSA-MONTOUR CSD","K-12, UE, US","3621630","550101",4,"5590",2016
"550301","WATKINS GLEN CSD","K-12, US","3630240","550301",5,"5590",2016
"560501","SOUTH SENECA CSD","K-12, UE, US","3622140","560501",4,"6190",2016
"560603","ROMULUS CSD","K-12","3624930","560603",4,"4390",2016
"560701","SENECA FALLS CSD","PK-12, UE","3626430","560701",5,"4390",2016
"561006","WATERLOO CSD","PK-12, UE, US","3600014","561006",4,"4390",2016
"570101","ADDISON CSD","K-12, US","3602370","570101",4,"5590",2016
"570201","AVOCA CSD","K-12","3603630","570201",4,"5590",2016
"570302","BATH CSD","K-12, UE, US","3604050","570302",4,"5590",2016
"570401","BRADFORD CSD","K-12, US","3605220","570401",4,"5590",2016
"570603","CAMPBELL-SAVONA CSD","K-12, UE","3600020","570603",4,"5590",2016
"571000","CORNING CITY SD","K-12, UE, US","3608400","571000",5,"5590",2016
"571502","CANISTEO-GREENWOOD CSD","K-12, UE, US","","",4,"5590",2016
"571800","HORNELL CITY SD","K-12, UE, US","3614820","571800",4,"5590",2016
"571901","ARKPORT CSD","PK-12, UE","3603240","571901",5,"5590",2016
"572301","PRATTSBURGH CSD","PK-12, UE, US","3623790","572301",4,"5590",2016
"572702","JASPER-TROUPSBURG CSD","K-12, UE","3600007","572702",4,"5590",2016
"572901","HAMMONDSPORT CSD","K-12, US","3613470","572901",5,"5590",2016
"573002","WAYLAND-COHOCTON CSD","PK-12, UE, US","3600011","573002",4,"2490",2016
"580101","BABYLON UFSD","K-12, UE, US","3603720","580101",6,"5893",2016
"580102","WEST BABYLON UFSD","K-12, UE, US","3630540","580102",5,"5893",2016
"580103","NORTH BABYLON UFSD","K-12, UE, US","3620910","580103",5,"5893",2016
"580104","LINDENHURST UFSD","K-12, UE, US","3617380","580104",5,"5893",2016
"580105","COPIAGUE UFSD","K-12, UE, US","3608310","580105",3,"5893",2016
"580106","AMITYVILLE UFSD","PK-12, UE, US","3602940","580106",3,"5893",2016
"580107","DEER PARK UNION FREE SCHOOL","PK-12, UE, US","3608880","580107",5,"5893",2016
"580109","WYANDANCH UFSD","K-12, UE, US","3631800","580109",3,"5893",2016
"580201","THREE VILLAGE CSD","K-12, UE, US","3628200","580201",6,"5891",2016
"580203","BROOKHAVEN-COMSEWOGUE UFSD","PK-12, UE, US","3615780","580203",5,"5891",2016
"580205","SACHEM CSD","PK-12, UE, US","3625350","580205",5,"5891",2016
"580206","PORT JEFFERSON UFSD","PK-12, UE, US","3623490","580206",6,"5891",2016
"580207","MT SINAI UFSD","K-12, UE, US","3620040","580207",6,"5891",2016
"580208","MILLER PLACE UFSD","K-12, UE","3619410","580208",6,"5891",2016
"580209","ROCKY POINT UFSD","PK-12, UE, US","3624840","580209",5,"5891",2016
"580211","MIDDLE COUNTRY CSD","PK-12, UE, US","3619200","580211",5,"5891",2016
"580212","LONGWOOD CSD","PK-12, UE, US","3619230","580212",5,"5891",2016
"580224","PATCHOGUE-MEDFORD UFSD","PK-12, UE, US","3622470","580224",5,"5891",2016
"580232","WILLIAM FLOYD UFSD","PK-12, UE, US","3618690","580232",5,"5891",2016
"580233","CTR MORICHES UFSD","PK-12, UE, US","3606840","580233",5,"5891",2016
"580234","EAST MORICHES UFSD","PK-8","3609870","580234",6,"5891",2016
"580235","SOUTH COUNTRY CSD","PK-12, UE, US","3600008","580235",5,"5891",2016
"580301","EAST HAMPTON UFSD","K-12, UE, US","3609660","580301",6,"5891",2016
"580302","WAINSCOTT COMN SD","K-3","3629760","580302",5,"5891",2016
"580303","AMAGANSETT UFSD","K-7, 11, UE","3602880","580303",6,"5891",2016
"580304","SPRINGS UFSD","PK-8, UE, US","3627900","580304",5,"5891",2016
"580305","SAG HARBOR UFSD","PK-12, UE, US","3625380","580305",6,"5891",2016
"580306","MONTAUK UFSD","K-8, UE","3619710","580306",6,"5891",2016
"580401","ELWOOD UFSD","K-12, UE, US","3610680","580401",5,"5893",2016
"580402","COLD SPRING HARBOR CSD","K-12, US","3608010","580402",6,"5893",2016
"580403","HUNTINGTON UFSD","PK-12, UE, US","3615090","580403",5,"5893",2016
"580404","NORTHPORT-EAST NORTHPORT UFSD","PK-12, UE, US","3621270","580404",6,"5893",2016
"580405","HALF HOLLOW HILLS CSD","PK-12, UE, US","3613290","580405",6,"5893",2016
"580406","HARBORFIELDS CSD","PK-12, UE, US","3613620","580406",6,"5893",2016
"580410","COMMACK UFSD","PK-12, UE, US","3608130","580410",6,"5893",2016
"580413","SOUTH HUNTINGTON UFSD","PK-12, UE, US","3627300","580413",5,"5893",2016
"580501","BAY SHORE UFSD","PK-12, UE, US","3604080","580501",5,"5891",2016
"580502","ISLIP UFSD","K-12, UE, US","3615540","580502",5,"5891",2016
"580503","EAST ISLIP UFSD","PK-12, UE, US","3609720","580503",5,"5891",2016
"580504","SAYVILLE UFSD","K-12, UE, US","3625920","580504",6,"5891",2016
"580505","BAYPORT-BLUE POINT UFSD","K-12, UE, US","3604110","580505",6,"5891",2016
"580506","HAUPPAUGE UFSD","K-12, UE, US","3613980","580506",6,"5891",2016
"580507","CONNETQUOT CSD","PK-12, UE, US","3608160","580507",5,"5891",2016
"580509","WEST ISLIP UFSD","K-12, UE, US","3630690","580509",6,"5891",2016
"580512","BRENTWOOD UFSD","PK-12, UE, US","3605280","580512",3,"5891",2016
"580513","CENTRAL ISLIP UFSD","PK-12, UE, US","3606870","580513",3,"5891",2016
"580514","FIRE ISLAND UFSD","PK-6","3621540","580514",6,"5891",2016
"580601","SHOREHAM-WADING RIVER CSD","K-12, UE, US","3626840","580601",6,"5891",2016
"580602","RIVERHEAD CSD","PK-12, UE, US","3624690","580602",5,"5891",2016
"580603","LITTLE FLOWER UFSD","4-12, UE, US","","580603",5,"5891",2016
"580701","SHELTER ISLAND UFSD","K-12","3626640","580701",6,"5891",2016
"580801","SMITHTOWN CSD","K-12, UE, US","3627060","580801",6,"5893",2016
"580805","KINGS PARK CSD","K-12, UE, US","3616260","580805",6,"5893",2016
"580901","REMSENBURG-SPEONK UFSD","PK-6","3624420","580901",6,"5891",2016
"580902","WESTHAMPTON BEACH UFSD","PK-12, UE","3631020","580902",6,"5891",2016
"580903","QUOGUE UFSD","K-6","3624060","580903",6,"5891",2016
"580905","HAMPTON BAYS UFSD","PK-12, UE, US","3613530","580905",5,"5891",2016
"580906","SOUTHAMPTON UFSD","K-12, UE, US","3627540","580906",6,"5891",2016
"580909","BRIDGEHAMPTON UFSD","K-12, UE, US","3605370","580909",6,"5891",2016
"580910","SAGAPONACK COMN SD","K-3","3625410","580910",5,"5891",2016
"580912","EASTPORT-SOUTH MANOR CSD","PK-12, UE, US","","",6,"5891",2016
"580913","TUCKAHOE COMN SD","K-8","3629070","580913",6,"5891",2016
"580917","EAST QUOGUE UFSD","K-6, UE","3609900","580917",6,"5891",2016
"581002","OYSTERPONDS UFSD","K-6, UE","3621930","581002",6,"5891",2016
"581004","FISHERS ISLAND UFSD","PK-K, 2-12","3611100","581004",6,"5891",2016
"581005","SOUTHOLD UFSD","PK-12, UE, US","3627620","581005",6,"5891",2016
"581010","GREENPORT UFSD","K-12, US","3612840","581010",5,"5891",2016
"581012","MATTITUCK-CUTCHOGUE UFSD","PK-12, UE, US","","",6,"5891",2016
"581015","NEW SUFFOLK COMN SD","PK-6","3620520","581015",5,"5891",2016
"590501","FALLSBURG CSD","PK-12, UE, US","3610950","590501",4,"5990",2016
"590801","ELDRED CSD","K-12","3610410","590801",5,"5990",2016
"590901","LIBERTY CSD","PK-12, UE, US","3617220","590901",4,"5990",2016
"591201","TRI-VALLEY CSD","K-12, UE, US","3628890","591201",5,"5990",2016
"591301","ROSCOE CSD","K-12, US","3625020","591301",5,"5990",2016
"591302","LIVINGSTON MANOR CSD","K-12","3617580","591302",4,"5990",2016
"591401","MONTICELLO CSD","K-12, UE, US","3619740","591401",4,"5990",2016
"591502","SULLIVAN WEST CSD","K-12, US","3600023","591502",5,"5990",2016
"600101","WAVERLY CSD","PK-12, UE, US","3630270","600101",4,"5590",2016
"600301","CANDOR CSD","K-12, US","3606420","600301",4,"6190",2016
"600402","NEWARK VALLEY CSD","PK-12, UE, US","3620670","600402",5,"0390",2016
"600601","OWEGO-APALACHIN CSD","PK-12, UE, US","3622170","600601",5,"0390",2016
"600801","SPENCER-VAN ETTEN CSD","K-12, UE, US","3627750","600801",4,"5590",2016
"600903","TIOGA CSD","PK-12, UE, US","3628710","600903",4,"0390",2016
"610301","DRYDEN CSD","K-12","3609330","610301",5,"6190",2016
"610327","GEORGE JUNIOR REPUBLIC UFSD","7-12, US","","610327",5,"6190",2016
"610501","GROTON CSD","PK-12","3613020","610501",5,"6190",2016
"610600","ITHACA CITY SD","K-12, UE, US","3615570","610600",5,"6190",2016
"610801","LANSING CSD","K-12, US","3616710","610801",5,"6190",2016
"610901","NEWFIELD CSD","K-12","3620790","610901",4,"6190",2016
"611001","TRUMANSBURG CSD","K-12, UE, US","3628980","611001",5,"6190",2016
"620600","KINGSTON CITY SD","PK-12, UE, US","3616290","620600",5,"6290",2016
"620803","HIGHLAND CSD","K-12, US","3614400","620803",5,"6290",2016
"620901","RONDOUT VALLEY CSD","PK-12, UE, US","3624960","620901",5,"6290",2016
"621001","MARLBORO CSD","K-12, UE, US","3618570","621001",5,"4490",2016
"621101","NEW PALTZ CSD","K-12, UE, US","3620460","621101",5,"6290",2016
"621201","ONTEORA CSD","PK-12","3621840","621201",5,"6290",2016
"621601","SAUGERTIES CSD","K-12, UE, US","3625800","621601",5,"6290",2016
"621801","WALLKILL CSD","K-12, UE, US","3629790","621801",5,"6290",2016
"622002","ELLENVILLE CSD","PK-12, UE, US","3610500","622002",4,"6290",2016
"630101","BOLTON CSD","K-12","3605010","630101",6,"6490",2016
"630202","NORTH WARREN CSD","K-12, UE, US","3616960","630202",5,"6490",2016
"630300","GLENS FALLS CITY SD","PK-12, UE, US","3612240","630300",5,"6490",2016
"630601","JOHNSBURG CSD","PK-12","3615870","630601",5,"6490",2016
"630701","LAKE GEORGE CSD","K-12, US","3616470","630701",5,"6490",2016
"630801","HADLEY-LUZERNE CSD","PK-12, UE, US","3613110","630801",4,"6490",2016
"630902","QUEENSBURY UFSD","K-12, UE, US","3624030","630902",5,"6490",2016
"630918","GLENS FALLS COMN SD","K-6","3602310","630918",3,"6490",2016
"631201","WARRENSBURG CSD","PK-12, UE, US","3629910","631201",5,"6490",2016
"640101","ARGYLE CSD","PK-12, UE","3603210","640101",5,"6490",2016
"640502","FORT ANN CSD","PK-12, UE, US","3611280","640502",5,"6490",2016
"640601","FORT EDWARD UFSD","PK-12, US","3611310","640601",5,"6490",2016
"640701","GRANVILLE CSD","PK-12, UE, US","3612450","640701",4,"6490",2016
"640801","GREENWICH CSD","K-12, US","3612900","640801",5,"6490",2016
"641001","HARTFORD CSD","PK-12, UE, US","3613830","641001",5,"6490",2016
"641301","HUDSON FALLS CSD","PK-12, UE, US","3614970","641301",4,"6490",2016
"641401","PUTNAM CSD","K-6, UE","3623970","641401",4,"0990",2016
"641501","SALEM CSD","PK-12, UE, US","3625470","641501",5,"6490",2016
"641610","CAMBRIDGE CSD","K-12","3606210","641610",5,"6490",2016
"641701","WHITEHALL CSD","PK-12, UE, US","3631290","641701",4,"6490",2016
"650101","NEWARK CSD","PK-12, UE, US","3620640","650101",4,"4390",2016
"650301","CLYDE-SAVANNAH CSD","K-12, UE, US","3607860","650301",4,"4390",2016
"650501","LYONS CSD","PK-12, UE","3618030","650501",4,"4390",2016
"650701","MARION CSD","PK-12, UE, US","3618540","650701",5,"4390",2016
"650801","WAYNE CSD","PK-12, UE, US","3630330","650801",5,"4390",2016
"650901","PALMYRA-MACEDON CSD","PK-12, UE, US","3622380","650901",5,"4390",2016
"650902","GANANDA CSD","K-12, US","3611740","650902",5,"4390",2016
"651201","SODUS CSD","K-12, UE, US","3627120","651201",4,"4390",2016
"651402","WILLIAMSON CSD","PK-12, UE","3631440","651402",5,"4390",2016
"651501","NORTH ROSE-WOLCOTT CSD","K-12, US","3616980","651501",4,"4390",2016
"651503","RED CREEK CSD","K-12, UE, US","3624210","651503",4,"4390",2016
"660101","KATONAH-LEWISBORO UFSD","K-12, UE, US","3616080","660101",6,"4890",2016
"660102","BEDFORD CSD","K-12, UE, US","3619950","660102",6,"4890",2016
"660202","CROTON-HARMON UFSD","K-12, US","3608580","660202",6,"4890",2016
"660203","HENDRICK HUDSON CSD","K-12, UE, US","3614190","660203",6,"4890",2016
"660301","EASTCHESTER UFSD","K-12, UE, US","3610080","660301",6,"6690",2016
"660302","TUCKAHOE UFSD","PK-12, UE, US","3629040","660302",6,"6690",2016
"660303","BRONXVILLE UFSD","K-12, UE, US","3605640","660303",6,"6690",2016
"660401","UFSD - TARRYTOWNS","PK-12, UE, US","3628650","660401",5,"6690",2016
"660402","IRVINGTON UFSD","K-12, UE, US","3615450","660402",6,"6690",2016
"660403","DOBBS FERRY UFSD","K-12, UE, US","3609120","660403",6,"6690",2016
"660404","HASTINGS-ON-HUDSON UFSD","K-12, UE","3613950","660404",6,"6690",2016
"660405","ARDSLEY UFSD","K-12, UE, US","3603180","660405",6,"6690",2016
"660406","EDGEMONT UFS-GREENBURGH","K-12, UE","3610200","660406",6,"6690",2016
"660407","GREENBURGH CSD","PK-12, UE, US","3612720","660407",5,"6690",2016
"660409","ELMSFORD UFSD","PK-12","3610650","660409",5,"6690",2016
"660410","GREENBURGH-GRAHAM UFSD","2-12","","660410",5,"6690",2016
"660411","GREENBURGH ELEVEN UFSD","2, 5-12, UE","","660411",5,"6690",2016
"660412","GREENBURGH-NORTH CASTLE UFSD","5-12, UE, US","","660412",5,"6690",2016
"660501","HARRISON CSD","K-12, UE, US","3613740","660501",6,"6690",2016
"660701","MAMARONECK UFSD","PK-12, UE, US","3618240","660701",6,"6690",2016
"660801","MT PLEASANT CSD","K-12, UE, US","3620160","660801",6,"6690",2016
"660802","POCANTICO HILLS CSD","K-8","3623340","660802",6,"6690",2016
"660803","HAWTHORNE-CEDAR KNOLLS UFSD","3, 5-12, US","","660803",5,"6690",2016
"660804","MT PLEASANT-COTTAGE UFSD","1, 3-12, UE, US","","660804",5,"6690",2016
"660805","VALHALLA UNION FREE SCHOOL","K-12, UE, US","3629400","660805",6,"6690",2016
"660806","MT PLEASANT-BLYTHEDALE UFSD","K-12, UE, US","","660806",5,"6690",2016
"660809","PLEASANTVILLE UFSD","K-12, UE, US","3623310","660809",6,"6690",2016
"660900","MT VERNON CITY SD","PK-12, UE, US","3620100","660900",3,"6690",2016
"661004","CHAPPAQUA CSD","K-12, US","","661004",6,"4890",2016
"661100","NEW ROCHELLE CITY SD","PK-12, UE, US","3620490","661100",5,"6690",2016
"661201","BYRAM HILLS CSD","K-12, UE, US","3606060","661201",6,"6690",2016
"661301","NORTH SALEM CSD","K-12, UE, US","3621180","661301",6,"4890",2016
"661401","OSSINING UFSD","K-12, UE, US","3622020","661401",5,"4890",2016
"661402","BRIARCLIFF MANOR UFSD","K-12","3605340","661402",6,"4890",2016
"661500","PEEKSKILL CITY SD","PK-12, UE, US","3622650","661500",3,"4890",2016
"661601","PELHAM UFSD","K-12, UE, US","3622680","661601",6,"6690",2016
"661800","RYE CITY SD","K-12, UE, US","3625260","661800",6,"6690",2016
"661901","RYE NECK UFSD","K-12","3625290","661901",6,"6690",2016
"661904","PORT CHESTER-RYE UFSD","K-12, UE, US","3623460","661904",3,"6690",2016
"661905","BLIND BROOK-RYE UFSD","K-12, UE","3624630","661905",6,"6690",2016
"662001","SCARSDALE UFSD","K-12, US","3625950","662001",6,"6690",2016
"662101","SOMERS CSD","K-12, UE, US","3627180","662101",6,"4890",2016
"662200","WHITE PLAINS CITY SD","PK-12, UE, US","3631260","662200",5,"6690",2016
"662300","YONKERS CITY SD","K-12, UE, US","3631920","662300",2,"6690",2016
"662401","LAKELAND CSD","PK-12, UE, US","3616620","662401",5,"4890",2016
"662402","YORKTOWN CSD","K-12, UE, US","3631980","662402",6,"4890",2016
"670201","ATTICA CSD","K-12, UE, US","3603420","670201",5,"2490",2016
"670401","LETCHWORTH CSD","K-12, UE, US","3617130","670401",5,"2490",2016
"671002","WYOMING CSD","K-8","3631860","671002",5,"2490",2016
"671201","PERRY CSD","PK-12, US","3622770","671201",5,"2490",2016
"671501","WARSAW CSD","PK-12, US","3629940","671501",5,"2490",2016
"680601","PENN YAN CSD","K-12, UE, US","3622740","680601",4,"4390",2016
"680801","DUNDEE CSD","PK-12, UE, US","3609390","680801",4,"4390",2016
